pathway,pathway_label,collection,functional_block,manual_note
GOBP_CHROMOSOME_CONDENSATION,Chromosome condensation,GO BP,Cell cycle and chromosome,
GOBP_CHROMOSOME_ORGANIZATION,Chromosome organization,GO BP,Cell cycle and chromosome,
GOBP_MICROTUBULE_CYTOSKELETON_ORGANIZATION,Microtubule cytoskeleton organization,GO BP,Cell cycle and chromosome,
GOBP_MICROTUBULE_DEPOLYMERIZATION,Microtubule depolymerization,GO BP,Cell cycle and chromosome,
GOBP_MICROTUBULE_ORGANIZING_CENTER_ORGANIZATION,Microtubule organizing center organization,GO BP,Cell cycle and chromosome,
GOBP_MITOTIC_CELL_CYCLE_PROCESS,Mitotic cell cycle process,GO BP,Cell cycle and chromosome,
GOBP_MITOTIC_CYTOKINESIS,Mitotic cytokinesis,GO BP,Cell cycle and chromosome,
GOBP_MITOTIC_NUCLEAR_DIVISION,Mitotic nuclear division,GO BP,Cell cycle and chromosome,
GOBP_POSITIVE_REGULATION_OF_MITOTIC_CELL_CYCLE,Positive regulation of mitotic cell cycle,GO BP,Cell cycle and chromosome,
GOBP_REGULATION_OF_CELL_DIVISION,Regulation of cell division,GO BP,Cell cycle and chromosome,
GOBP_REGULATION_OF_MICROTUBULE_BASED_PROCESS,Regulation of microtubule based process,GO BP,Cell cycle and chromosome,
GOBP_REGULATION_OF_MICROTUBULE_DEPOLYMERIZATION,Regulation of microtubule depolymerization,GO BP,Cell cycle and chromosome,
GOBP_SISTER_CHROMATID_SEGREGATION,Sister chromatid segregation,GO BP,Cell cycle and chromosome,
HALLMARK_E2F_TARGETS,E2f targets,Hallmark,Cell cycle and chromosome,
REACTOME_ACTIVATION_OF_APC_C_AND_APC_C_CDC20_MEDIATED_DEGRADATION_OF_MITOTIC_PROTEINS,Activation of apc c and apc c cdc20 mediated degradation of mitotic proteins,Reactome,Cell cycle and chromosome,
REACTOME_APC_C_MEDIATED_DEGRADATION_OF_CELL_CYCLE_PROTEINS,Apc c mediated degradation of cell cycle proteins,Reactome,Cell cycle and chromosome,
REACTOME_TRANSCRIPTIONAL_REGULATION_BY_E2F6,Transcriptional regulation by e2f6,Reactome,Cell cycle and chromosome,
HALLMARK_INTERFERON_GAMMA_RESPONSE,Interferon gamma response,Hallmark,Interferon response,
GOBP_NEGATIVE_REGULATION_OF_INFLAMMATORY_RESPONSE_TO_ANTIGENIC_STIMULUS,Negative regulation of inflammatory response to antigenic stimulus,GO BP,Innate immunity and inflammation,
GOBP_RESPIRATORY_BURST,Respiratory burst,GO BP,Innate immunity and inflammation,
REACTOME_CYTOKINE_SIGNALING_IN_IMMUNE_SYSTEM,Cytokine signaling in immune system,Reactome,Innate immunity and inflammation,
GOBP_NEURON_MIGRATION,Neuron migration,GO BP,"Chemotaxis, adhesion and ECM",
GOBP_REGULATION_OF_GRANULOCYTE_CHEMOTAXIS,Regulation of granulocyte chemotaxis,GO BP,"Chemotaxis, adhesion and ECM",
HALLMARK_EPITHELIAL_MESENCHYMAL_TRANSITION,Epithelial mesenchymal transition,Hallmark,"Chemotaxis, adhesion and ECM",
REACTOME_NON_INTEGRIN_MEMBRANE_ECM_INTERACTIONS,Non integrin membrane ecm interactions,Reactome,"Chemotaxis, adhesion and ECM",
GOBP_3_UTR_MEDIATED_MRNA_DESTABILIZATION,3 utr mediated mrna destabilization,GO BP,RNA and protein homeostasis,
GOBP_EXTERNAL_ENCAPSULATING_STRUCTURE_ORGANIZATION,External encapsulating structure organization,GO BP,RNA and protein homeostasis,
GOBP_PROTEIN_FOLDING,Protein folding,GO BP,RNA and protein homeostasis,
GOBP_RNA_MODIFICATION,Rna modification,GO BP,RNA and protein homeostasis,
GOBP_TRNA_METABOLIC_PROCESS,Trna metabolic process,GO BP,RNA and protein homeostasis,
HALLMARK_UNFOLDED_PROTEIN_RESPONSE,Unfolded protein response,Hallmark,RNA and protein homeostasis,
REACTOME_METABOLISM_OF_RNA,Metabolism of rna,Reactome,RNA and protein homeostasis,
REACTOME_MITOCHONDRIAL_PROTEIN_DEGRADATION,Mitochondrial protein degradation,Reactome,RNA and protein homeostasis,
REACTOME_PROTEIN_LOCALIZATION,Protein localization,Reactome,RNA and protein homeostasis,
GOBP_HYDROGEN_PEROXIDE_METABOLIC_PROCESS,Hydrogen peroxide metabolic process,GO BP,Metabolism and cellular stress,
GOBP_LONG_CHAIN_FATTY_ACID_IMPORT_ACROSS_PLASMA_MEMBRANE,Long chain fatty acid import across plasma membrane,GO BP,Metabolism and cellular stress,
GOBP_POSITIVE_REGULATION_OF_FATTY_ACID_BIOSYNTHETIC_PROCESS,Positive regulation of fatty acid biosynthetic process,GO BP,Metabolism and cellular stress,
GOBP_PRIMARY_ALCOHOL_METABOLIC_PROCESS,Primary alcohol metabolic process,GO BP,Metabolism and cellular stress,
GOBP_REGULATION_OF_RESPONSE_TO_STRESS,Regulation of response to stress,GO BP,Metabolism and cellular stress,
GOBP_REGULATION_OF_SMALL_MOLECULE_METABOLIC_PROCESS,Regulation of small molecule metabolic process,GO BP,Metabolism and cellular stress,
GOBP_ZYMOSTEROL_METABOLIC_PROCESS,Zymosterol metabolic process,GO BP,Metabolism and cellular stress,
HALLMARK_HYPOXIA,Hypoxia,Hallmark,Metabolism and cellular stress,
HALLMARK_OXIDATIVE_PHOSPHORYLATION,Oxidative phosphorylation,Hallmark,Metabolism and cellular stress,
REACTOME_CELLULAR_RESPONSE_TO_HYPOXIA,Cellular response to hypoxia,Reactome,Metabolism and cellular stress,
REACTOME_CROSS_PRESENTATION_OF_SOLUBLE_EXOGENOUS_ANTIGENS_ENDOSOMES,Cross presentation of soluble exogenous antigens endosomes,Reactome,Metabolism and cellular stress,
REACTOME_METABOLISM_OF_PORPHYRINS,Metabolism of porphyrins,Reactome,Metabolism and cellular stress,
REACTOME_NR1H3_NR1H2_REGULATE_GENE_EXPRESSION_LINKED_TO_CHOLESTEROL_TRANSPORT_AND_EFFLUX,Nr1h3 nr1h2 regulate gene expression linked to cholesterol transport and efflux,Reactome,Metabolism and cellular stress,
REACTOME_REGULATION_OF_CHOLESTEROL_BIOSYNTHESIS_BY_SREBP_SREBF,Regulation of cholesterol biosynthesis by srebp srebf,Reactome,Metabolism and cellular stress,
GOBP_NEGATIVE_REGULATION_OF_MAPK_CASCADE,Negative regulation of mapk cascade,GO BP,"Growth, death and signal transduction",
GOBP_NEGATIVE_REGULATION_OF_SMAD_PROTEIN_SIGNAL_TRANSDUCTION,Negative regulation of smad protein signal transduction,GO BP,"Growth, death and signal transduction",
GOBP_POSITIVE_REGULATION_OF_NEURON_APOPTOTIC_PROCESS,Positive regulation of neuron apoptotic process,GO BP,"Growth, death and signal transduction",
HALLMARK_KRAS_SIGNALING_DN,Kras signaling dn,Hallmark,"Growth, death and signal transduction",
HALLMARK_P53_PATHWAY,P53 pathway,Hallmark,"Growth, death and signal transduction",
REACTOME_NGF_STIMULATED_TRANSCRIPTION,Ngf stimulated transcription,Reactome,"Growth, death and signal transduction",
REACTOME_REGULATION_OF_PTEN_STABILITY_AND_ACTIVITY,Regulation of pten stability and activity,Reactome,"Growth, death and signal transduction",
GOBP_ANIMAL_ORGAN_MORPHOGENESIS,Animal organ morphogenesis,GO BP,Development and tissue programs,
GOBP_ATRIOVENTRICULAR_VALVE_DEVELOPMENT,Atrioventricular valve development,GO BP,Development and tissue programs,
GOBP_COCHLEA_DEVELOPMENT,Cochlea development,GO BP,Development and tissue programs,
GOBP_ENDOCHONDRAL_BONE_MORPHOGENESIS,Endochondral bone morphogenesis,GO BP,Development and tissue programs,
GOBP_GENITALIA_DEVELOPMENT,Genitalia development,GO BP,Development and tissue programs,
GOBP_MORPHOGENESIS_OF_A_POLARIZED_EPITHELIUM,Morphogenesis of a polarized epithelium,GO BP,Development and tissue programs,
GOBP_NEGATIVE_REGULATION_OF_MUSCLE_CELL_DIFFERENTIATION,Negative regulation of muscle cell differentiation,GO BP,Development and tissue programs,
GOBP_NEGATIVE_REGULATION_OF_NEURON_PROJECTION_DEVELOPMENT,Negative regulation of neuron projection development,GO BP,Development and tissue programs,
GOBP_NEGATIVE_REGULATION_OF_REPRODUCTIVE_PROCESS,Negative regulation of reproductive process,GO BP,Development and tissue programs,
GOBP_NEURON_DEVELOPMENT,Neuron development,GO BP,Development and tissue programs,
GOBP_POSITIVE_REGULATION_OF_CARDIAC_MUSCLE_CELL_PROLIFERATION,Positive regulation of cardiac muscle cell proliferation,GO BP,Development and tissue programs,
GOBP_REGULATION_OF_CARDIAC_MUSCLE_CELL_PROLIFERATION,Regulation of cardiac muscle cell proliferation,GO BP,Development and tissue programs,
GOBP_REGULATION_OF_EMBRYONIC_DEVELOPMENT,Regulation of embryonic development,GO BP,Development and tissue programs,
GOBP_REGULATION_OF_NEURON_PROJECTION_DEVELOPMENT,Regulation of neuron projection development,GO BP,Development and tissue programs,
REACTOME_FACTORS_INVOLVED_IN_MEGAKARYOCYTE_DEVELOPMENT_AND_PLATELET_PRODUCTION,Factors involved in megakaryocyte development and platelet production,Reactome,Development and tissue programs,
GOBP_BIOLOGICAL_PROCESS_INVOLVED_IN_INTRASPECIES_INTERACTION_BETWEEN_ORGANISMS,Biological process involved in intraspecies interaction between organisms,GO BP,Other,
GOBP_CELLULAR_RESPONSE_TO_CAMP,Cellular response to camp,GO BP,Other,
GOBP_CELLULAR_RESPONSE_TO_ESTRADIOL_STIMULUS,Cellular response to estradiol stimulus,GO BP,Other,
GOBP_COMPLEMENT_ACTIVATION_CLASSICAL_PATHWAY,Complement activation classical pathway,GO BP,Other,
GOBP_HOMEOSTASIS_OF_NUMBER_OF_CELLS,Homeostasis of number of cells,GO BP,Other,
GOBP_LEARNING_OR_MEMORY,Learning or memory,GO BP,Other,
GOBP_LOCOMOTORY_BEHAVIOR,Locomotory behavior,GO BP,Other,
GOBP_MAINTENANCE_OF_CELL_NUMBER,Maintenance of cell number,GO BP,Other,
GOBP_MEMBRANE_PROTEIN_ECTODOMAIN_PROTEOLYSIS,Membrane protein ectodomain proteolysis,GO BP,Other,
GOBP_MITOCHONDRIAL_MEMBRANE_ORGANIZATION,Mitochondrial membrane organization,GO BP,Other,
GOBP_NEGATIVE_REGULATION_OF_ACTIN_FILAMENT_DEPOLYMERIZATION,Negative regulation of actin filament depolymerization,GO BP,Other,
GOBP_NEGATIVE_REGULATION_OF_SMOOTH_MUSCLE_CELL_PROLIFERATION,Negative regulation of smooth muscle cell proliferation,GO BP,Other,
GOBP_NEGATIVE_REGULATION_OF_VIRAL_PROCESS,Negative regulation of viral process,GO BP,Other,
GOBP_ORGANOPHOSPHATE_BIOSYNTHETIC_PROCESS,Organophosphate biosynthetic process,GO BP,Other,
GOBP_POSITIVE_REGULATION_OF_CELL_JUNCTION_ASSEMBLY,Positive regulation of cell junction assembly,GO BP,Other,
GOBP_POSITIVE_REGULATION_OF_MEMBRANE_PERMEABILITY,Positive regulation of membrane permeability,GO BP,Other,
GOBP_REGULATION_OF_ATP_DEPENDENT_ACTIVITY,Regulation of atp dependent activity,GO BP,Other,
GOBP_REGULATION_OF_DNA_BINDING_TRANSCRIPTION_FACTOR_ACTIVITY,Regulation of dna binding transcription factor activity,GO BP,Other,
GOBP_REGULATION_OF_NUCLEAR_DIVISION,Regulation of nuclear division,GO BP,Other,
GOBP_REGULATION_OF_PROTEIN_CONTAINING_COMPLEX_ASSEMBLY,Regulation of protein containing complex assembly,GO BP,Other,
GOBP_RENAL_SYSTEM_PROCESS,Renal system process,GO BP,Other,
GOBP_RESPONSE_TO_BACTERIUM,Response to bacterium,GO BP,Other,
GOBP_RESPONSE_TO_EPIDERMAL_GROWTH_FACTOR,Response to epidermal growth factor,GO BP,Other,
GOBP_RESPONSE_TO_FUNGUS,Response to fungus,GO BP,Other,
GOBP_RESPONSE_TO_GAMMA_RADIATION,Response to gamma radiation,GO BP,Other,
GOBP_RESPONSE_TO_HYDROGEN_PEROXIDE,Response to hydrogen peroxide,GO BP,Other,
GOBP_RESPONSE_TO_UV,Response to uv,GO BP,Other,
GOBP_SEXUAL_REPRODUCTION,Sexual reproduction,GO BP,Other,
GOBP_SYNCYTIUM_FORMATION,Syncytium formation,GO BP,Other,
HALLMARK_APICAL_SURFACE,Apical surface,Hallmark,Other,
HALLMARK_MYC_TARGETS_V1,Myc targets v1,Hallmark,Other,
HALLMARK_MYOGENESIS,Myogenesis,Hallmark,Other,
HALLMARK_SPERMATOGENESIS,Spermatogenesis,Hallmark,Other,
HALLMARK_TNFA_SIGNALING_VIA_NFKB,Tnfa signaling via nfkb,Hallmark,Other,
HALLMARK_UV_RESPONSE_DN,Uv response dn,Hallmark,Other,
REACTOME_ADRENALINE_NORADRENALINE_INHIBITS_INSULIN_SECRETION,Adrenaline noradrenaline inhibits insulin secretion,Reactome,Other,
REACTOME_CONSTITUTIVE_SIGNALING_BY_ABERRANT_PI3K_IN_CANCER,Constitutive signaling by aberrant pi3k in cancer,Reactome,Other,
REACTOME_FLT3_SIGNALING,Flt3 signaling,Reactome,Other,
REACTOME_G0_AND_EARLY_G1,G0 and early g1,Reactome,Other,
REACTOME_INFECTION_WITH_MYCOBACTERIUM_TUBERCULOSIS,Infection with mycobacterium tuberculosis,Reactome,Other,
REACTOME_INTRA_GOLGI_AND_RETROGRADE_GOLGI_TO_ER_TRAFFIC,Intra golgi and retrograde golgi to er traffic,Reactome,Other,
REACTOME_KINESINS,Kinesins,Reactome,Other,
REACTOME_NEUTROPHIL_DEGRANULATION,Neutrophil degranulation,Reactome,Other,
REACTOME_PURINERGIC_SIGNALING_IN_LEISHMANIASIS_INFECTION,Purinergic signaling in leishmaniasis infection,Reactome,Other,
REACTOME_SIGNALING_BY_CSF3_G_CSF,Signaling by csf3 g csf,Reactome,Other,
